<?xml version="1.0" encoding="UTF-8"?>
<project-private xmlns="http://www.netbeans.org/ns/project-private/1">
    <editor-bookmarks xmlns="http://www.netbeans.org/ns/editor-bookmarks/2" lastBookmarkId="0"/>
    <open-files xmlns="http://www.netbeans.org/ns/projectui-open-files/2">
        <group>
            <file>file:/C:/Users/acer/OneDrive/Documents/NetBeansProjects/Assignment_/src/s_ManageProfile.java</file>
            <file>file:/C:/Users/acer/OneDrive/Documents/NetBeansProjects/Assignment_/src/r_BookingHostel.java</file>
            <file>file:/C:/Users/acer/OneDrive/Documents/NetBeansProjects/Assignment_/src/manager.java</file>
            <file>file:/C:/Users/acer/OneDrive/Documents/NetBeansProjects/Assignment_/src/r_ViewPaymentRecords.java</file>
            <file>file:/C:/Users/acer/OneDrive/Documents/NetBeansProjects/Assignment_/src/residentsMenu.java</file>
            <file>file:/C:/Users/acer/OneDrive/Documents/NetBeansProjects/Assignment_/src/tryJFrame.java</file>
            <file>file:/C:/Users/acer/OneDrive/Documents/NetBeansProjects/Assignment_/src/r_Feedback.java</file>
            <file>file:/C:/Users/acer/OneDrive/Documents/NetBeansProjects/Assignment_/src/manager_Approve.java</file>
            <file>file:/C:/Users/acer/OneDrive/Documents/NetBeansProjects/Assignment_/src/m_ViewUserActivity.java</file>
            <file>file:/C:/Users/acer/OneDrive/Documents/NetBeansProjects/Assignment_/src/log_UserActivity.java</file>
            <file>file:/C:/Users/acer/OneDrive/Documents/NetBeansProjects/Assignment_/src/s_MakePayment.java</file>
            <file>file:/C:/Users/acer/OneDrive/Documents/NetBeansProjects/Assignment_/src/staffMenu_.java</file>
            <file>file:/C:/Users/acer/OneDrive/Documents/NetBeansProjects/Assignment_/src/managerMenu.java</file>
            <file>file:/C:/Users/acer/OneDrive/Documents/NetBeansProjects/Assignment_/src/Registration.java</file>
            <file>file:/C:/Users/acer/OneDrive/Documents/NetBeansProjects/Assignment_/src/residents.java</file>
            <file>file:/C:/Users/acer/OneDrive/Documents/NetBeansProjects/Assignment_/src/Manage_profile.java</file>
            <file>file:/C:/Users/acer/OneDrive/Documents/NetBeansProjects/Assignment_/src/staff.java</file>
            <file>file:/C:/Users/acer/OneDrive/Documents/NetBeansProjects/Assignment_/src/s_GenerateReceipt.java</file>
            <file>file:/C:/Users/acer/OneDrive/Documents/NetBeansProjects/Assignment_/src/manager_DeleteUser.java</file>
            <file>file:/C:/Users/acer/OneDrive/Documents/NetBeansProjects/Assignment_/src/m_ViewFeedback.java</file>
            <file>file:/C:/Users/acer/OneDrive/Documents/NetBeansProjects/Assignment_/src/LoginManager.java</file>
            <file>file:/C:/Users/acer/OneDrive/Documents/NetBeansProjects/Assignment_/src/rateOfFees.java</file>
            <file>file:/C:/Users/acer/OneDrive/Documents/NetBeansProjects/Assignment_/src/s_ViewFeedback.java</file>
            <file>file:/C:/Users/acer/OneDrive/Documents/NetBeansProjects/Assignment_/src/manager_Update.java</file>
            <file>file:/C:/Users/acer/OneDrive/Documents/NetBeansProjects/Assignment_/src/r_ManageProfile.java</file>
        </group>
    </open-files>
</project-private>
